[
  {
    "nom": "Yamamoto Genryūsai",
    "emojis": ["🔥", "👴", "⚔️", "☀️", "🌋", "💥", "🧓", "🔥", "💪"]
  },
  {
    "nom": "Chojiro Sasakibe",
    "emojis": ["🗡️", "🥸", "🫡", "🤫", "🌩️", "🧓", "🎖️"]
  },
  {
    "nom": "Soi Fon",
    "emojis": ["🐝", "🥷", "⚡", "👘", "🗡️", "🎯", "🏃‍♀️", "👊", "💢"]
  },
  {
    "nom": "Marechiyo Ōmaeda",
    "emojis": ["💰", "🍗", "😓", "💴", "⚔️", "🥴", "😬", "🐘", "🧍‍♂️"]
  },
  {
    "nom": "Ichimaru Gin",
    "emojis": ["😼", "👀", "🗡️", "🐍", "🧪", "😏", "💔", "👘", "💀"]
  },
  {
    "nom": "Izuru Kira",
    "emojis": ["😢", "🪓", "⚖️", "💔", "📉", "🧠", "😞", "⚔️", "🪙"]
  },
  {
    "nom": "Retsu Unohana",
    "emojis": ["😷", "🩸", "💀", "🩹", "😈", "😇", "👩‍⚕️", "🗡️", "💉"]
  },
  {
    "nom": "Isane Kotetsu",
    "emojis": ["📜", "🧴", "🩺", "😰", "🧠", "👩‍⚕️", "🧍‍♀️", "💧", "📖"]
  },
  {
    "nom": "Sōsuke Aizen",
    "emojis": ["🧠", "🪞", "😈", "👓", "🌀", "🎭", "😵‍💫", "👁️", "🔮"]
  },
  {
    "nom": "Momo Hinamori",
    "emojis": ["🖋️", "🔥", "🔱", "😭", "👧", "💔", "🧠", "👘", "🗡️"]
  },
  {
    "nom": "Byakuya Kuchiki",
    "emojis": ["🌸", "🗡️", "👑", "🧠", "🎴", "💮", "🌺", "💫", "📜"]
  },
  {
    "nom": "Renji Abarai",
    "emojis": ["🐍", "🔴", "💪", "🦍", "⚔️", "🔥", "💥", "🩸", "📿"]
  },
  {
    "nom": "Sajin Komamura",
    "emojis": ["🦊", "🐺", "⚔️", "🛡️", "🧍‍♂️", "👊", "🌌", "🐾", "🗣️"]
  },
  {
    "nom": "Tetsuzaemon Iba",
    "emojis": ["🕶️", "🗡️", "👊", "🍶", "🎖️", "🧔", "🚬", "🥋", "💪"]
  },
  {
    "nom": "Shunsui Kyōraku",
    "emojis": ["🎴", "🍶", "🌸", "🎩", "🍃", "🧔", "🍷", "⚔️", "🌺"]
  },
  {
    "nom": "Nanao Ise",
    "emojis": ["📚", "👓", "📖", "✨", "🧠", "🕊️", "📏", "🔮", "🗡️"]
  },
  {
    "nom": "Kaname Tosen",
    "emojis": ["🕶️", "⚖️", "🧘‍♂️", "🎵", "🟣", "✊", "🦗", "🌌", "🗡️"]
  },
  {
    "nom": "Hisagi Shūhei",
    "emojis": ["🎤", "🗡️", "🔗", "🖤", "🏍️", "📰", "🦋", "🌀"]
  },
  {
    "nom": "Tōshirō Hitsugaya",
    "emojis": ["❄️", "🐉", "👦", "🧊", "⚔️", "👼", "🌬️", "🥶"]
  },
  {
    "nom": "Rangiku Matsumoto",
    "emojis": ["💃", "🍶", "🌬️", "💄", "🧡", "🪶", "🔥", "🗡️", "😉"]
  },
  {
    "nom": "Kenpachi Zaraki",
    "emojis": ["👁️", "🩸", "⚔️", "💥", "😈", "😆", "🧨", "🔪", "💢"]
  },
  {
    "nom": "Ikkaku Madarame",
    "emojis": ["💪", "⚔️", "🪖", "🥊", "🦴", "😤", "👨‍🦲", "💥", "🔴"]
  },  
  {
    "nom": "Yumichika Ayasegawa",
    "emojis": ["💅", "🌸", "🪞", "✨", "🎨", "🦚", "🧿", "🌷", "💫"]
  },  
  {
    "nom": "Mayuri Kurotsuchi",
    "emojis": ["🧪", "🧠", "💀", "🔧", "☣️", "🎭", "🧬", "🔬", "🤖"]
  },  
  {
    "nom": "Jūshirō Ukitake",
    "emojis": ["🌊", "🧘", "⚖️", "💫", "📘", "🎏", "🎐", "🩺", "🦷"]
  },
  {
    "nom": "Kiyone Kotetsu",
    "emojis": ["🎀", "📢", "😊", "🟢", "👘", "👧", "💬", "💚", "📚"]
  },
  {
    "nom": "Sentarō Kotsubaki",
    "emojis": ["📢", "😤", "🔶", "👘", "🗡️", "🧡", "📚", "🤜", "📣"]
  },
  {
    "nom": "Yammy Llargo",
    "emojis": ["😡", "💢", "🦍", "⚔️", "💪", "🔥", "🌋", "🩸", "🐘"]
  },  
  {
    "nom": "Coyote Starrk",
    "emojis": ["🐺", "🔫", "😴", "💤", "💥", "👬", "🌫️", "💣", "⚔️"]
  },  
  {
    "nom": "Baraggan Louisenbairn",
    "emojis": ["💀", "⌛", "👑", "🧓", "🦴", "☠️", "🌪️", "📯", "🗡️"]
  },    
  {
    "nom": "Tia Harribel",
    "emojis": ["🌊", "🗡️", "😶", "💧", "👩‍✈️", "🧊", "🐠", "💦", "🟡"]
  },    
  {
    "nom": "Ulquiorra Cifer",
    "emojis": ["🦇", "💚", "😐", "🌑", "🗡️", "🫥", "👁️", "🖤", "⚡"]
  },    
  {
    "nom": "Nnoitra Gilga",
    "emojis": ["🔪", "👁️", "😠", "🛡️", "💢", "🦂", "⚔️", "😤", "🌀"]
  },  
  {
    "nom": "Grimmjow Jaegerjaquez",
    "emojis": ["😼", "💢", "🦁", "🔥", "⚔️", "😾", "🩸", "🐾", "🧨"]
  },  
  {
    "nom": "Zommari Rureaux",
    "emojis": ["👁️", "🧘", "🌀", "🧠", "🙏", "🔮", "🕉️", "🫥", "🌑"]
  },  
  {
    "nom": "Szayelaporro Granz",
    "emojis": ["🧬", "🧠", "🔬", "☣️", "🎭", "🕷️", "💉", "👓", "🔧"]
  },  
  {
    "nom": "Aaroniero Arruruerie",
    "emojis": ["👥", "💧", "👽", "🧪", "🧠", "🕳️", "🧫", "🎭", "👓"]
  },  
  {
    "nom": "Ichigo Kurosaki",
    "emojis": ["🗡️", "🖤", "👹", "🍓", "⚔️", "💥", "👊", "💢", "🌌"]
  },  
  {
    "nom": "Orihime Inoue",
    "emojis": ["🌼", "💫", "🧡", "👩‍🦰", "✨", "🙌", "💖", "🛡️", "🌷"]
  },  
  {
    "nom": "Yasutora Sado (Chad)",
    "emojis": ["💪", "🧱", "🥊", "🦾", "🧡", "🎸", "🛡️", "🇲🇽", "⚡"]
  },  
  {
    "nom": "Uryū Ishida",
    "emojis": ["🏹", "🧵", "📐", "👓", "💨", "🔵", "🎯", "🦋", "💫"]
  },
  {
    "nom": "Shinji Hirako",
    "emojis": ["🌀", "😏", "🎧", "🙃", "🗡️", "🌫️", "🎭", "🧠", "🔁"]
  },
  {
    "nom": "Hiyori Sarugaki",
    "emojis": ["👟", "😡", "👱‍♀️", "💥", "👊", "🩸", "🎀", "⚔️", "💢"]
  },
  {
    "nom": "Lisa Yadōmaru",
    "emojis": ["📚", "👓", "🩸", "🖤", "🗡️", "🧠", "📖", "🖋️", "😑"]
  },
  {
    "nom": "Love Aikawa",
    "emojis": ["📕", "💪", "⚔️", "👊", "🔥", "📖", "📚", "🧡", "😎"]
  },
  {
    "nom": "Kensei Muguruma",
    "emojis": ["🥊", "🧤", "💥", "💢", "⚔️", "💪", "🗡️", "🕶️", "🧱"]
  },
  {
    "nom": "Mashiro Kuna",
    "emojis": ["💚", "🦸‍♀️", "🤸", "🎭", "🟢", "🩰", "😜", "🌟", "👢"]
  },
  {
    "nom": "Rōjūrō Ōtoribashi",
    "emojis": ["🎼", "🎻", "🎩", "⚔️", "📯", "🧠", "🎶", "👑", "🎷"]
  },
  {
    "nom": "Hachigen Ushōda",
    "emojis": ["🟣", "🔮", "🧠", "🧱", "🛡️", "📿", "🎭", "🧘", "🧂"]
  }


  
]
