{
  "DEFAULT_GRID": [
    "🌱🌱🌱🌱🌱🌱",
    "🌱🌱🌱🌱🌱🌱",
    "🌱🌱🌱🌱🌱🌱",
    "🌱🌱🌱🌱🌱🌱"
  ],
  "DEFAULT_INVENTORY": {
    "tulipes": 0,
    "roses": 0,
    "jacinthes": 0,
    "hibiscus": 0,
    "paquerettes": 0,
    "tournesols": 0
  },
  "FLEUR_EMOJIS": {
    "tulipes": "🌷",
    "roses": "🌹",
    "jacinthes": "🪻",
    "hibiscus": "🌺",
    "paquerettes": "🌼",
    "tournesols": "🌻"
  },
  "FLEUR_VALUES": {
    "tulipes": 1,
    "roses": 2,
    "jacinthes": 2,
    "hibiscus": 3,
    "paquerettes": 1,
    "tournesols": 2
  },
  "FLEUR_SIGNS": {
    "tulipes": "+",
    "roses": "+",
    "jacinthes": "×",
    "hibiscus": "×",
    "paquerettes": "-",
    "tournesols": "-"
  },
  "POTIONS": {
    "-16": "🪨 Potion Peau de Pierre",
    "-15": "🪁 Potion Lévitation",
    "-14": "🪄 Potion Charme",
    "-13": "☣️ Potion de Pestilence",
    "-12": "👻 Potion d’Invisibilité",
    "-11": "💀 Potion de Poison",
    "-10": "🐌 Potion Ralentissement",
    "-9": "💥 Potion Explosion",
    "-8": "😴 Potion Somnifère",
    "-7": "🪦 Potion de Nécromancie",
    "-6": "🥼 Potion de Résistance à l’Acide",
    "-5": "🌩️ Potion de Protection contre la Foudre",
    "-4": "🧯 Potion Protection contre le Feu",
    "-3": "🌡️ Potion Protection contre le Gel",
    "-2": "📐 Potion de Rétrécissement",
    "-1": "🛡️ Potion Anti Magie",
    "1": "🔮 Potion de Mana",
    "2": "📏 Potion d’Agrandissement",
    "3": "❄️ Potion de Gel",
    "4": "🔥 Potion de Feu",
    "5": "⚡ Potion Foudre",
    "6": "🧪 Potion Acide",
    "7": "🧴 Potion de Rajeunissement",
    "8": "💪 Potion de Force",
    "9": "💡 Potion de Lumière",
    "10": "🏃‍♂️ Potion de Célérité",
    "11": "❤️ Potion de Soin",
    "12": "👁️ Potion de Vision",
    "13": "🍀 Potion de Chance",
    "14": "🌸 Potion de Parfum",
    "15": "⛸️ Potion de Glisse",
    "16": "🤹 Potion de Dextérité"
  },

  "FERTILIZE_COOLDOWN_MINUTES": 10,
  "FERTILIZE_PROBABILITY": 0.39
}
