{
  "pates": [
    "Fine",
    "Pâte fine croustillante",
    "Épaisse",
    "Pâte croustillante",
    "Pâte aux herbes aromatiques (basilic, origan)",
    "Pâte épaisse style Chicago"
  ],
  "bases": [
    "Tomate classique",
    "Tomate classique",
    "Tomate classique",
    "Tomate classique",
    "Tomate classique",
    "Tomate classique",
    "Crème fraîche",
    "Sauce barbecue",
    "Pesto",
    "Sauce Alfredo",
    "Sauce tomate épicée",
    "Sauce à l'ail",
    "Sauce aux champignons",
    "Sauce au fromage bleu",
    "Sauce piquante chipotle"
  ],
  "fromages": [
    "Mozzarella",
    "Cheddar",
    "Parmesan",
    "Bleu",
    "Gouda",
    "Provolone",
    "Ricotta",
    "Feta",
    "Fromage de chèvre",
    "Emmental",
    "Fontina"
  ],
  "garnitures": [
    "Champignons",
    "Poivrons",
    "Olives noires",
    "Oignons",
    "Jambon",
    "Pepperoni",
    "Ananas",
    "Tomates cerises",
    "Artichauts",
    "Poulet rôti",
    "Bacon croustillant",
    "Saucisse italienne",
    "Épinards frais",
    "Câpres",
    "Maïs doux",
    "Piments jalapeños",
    "Courgettes grillées",
    "Chorizo",
    "Crevettes",
    "Bœuf haché"
  ],
  "toppings_speciaux": [
    "Basilic frais",
    "Piment rouge",
    "Huile de truffe",
    "Origan",
    "Ail rôti",
    "Graines de sésame",
    "Flocons de chili",
    "Zeste de citron",
    "Miel",
    "Feuilles de roquette",
    "Parmigiano Reggiano râpé",
    "Poivre noir fraîchement moulu",
    "Vinaigre balsamique",
    "Pignons de pin",
    "Herbes de Provence"
  ]
}
